PassengerId,Survived,Pclass,Title,Sex,Age,AgeWasMissing,SibSp,Parch,FamilySize,IsAlone,Fare,Deck,Embarked
1,0,3,Mr,male,22.0,False,1,0,2,False,7.25,Unknown,S
2,1,1,Mrs,female,38.0,False,1,0,2,False,71.2833,C,C
3,1,3,Miss,female,26.0,False,0,0,1,True,7.925,Unknown,S
4,1,1,Mrs,female,35.0,False,1,0,2,False,53.1,C,S
5,0,3,Mr,male,35.0,False,0,0,1,True,8.05,Unknown,S
6,0,3,Mr,male,26.0,True,0,0,1,True,8.4583,Unknown,Q
7,0,1,Mr,male,54.0,False,0,0,1,True,51.8625,E,S
8,0,3,Master,male,2.0,False,3,1,5,False,21.075,Unknown,S
9,1,3,Mrs,female,27.0,False,0,2,3,False,11.1333,Unknown,S
10,1,2,Mrs,female,14.0,False,1,0,2,False,30.0708,Unknown,C
11,1,3,Miss,female,4.0,False,1,1,3,False,16.7,G,S
12,1,1,Miss,female,58.0,False,0,0,1,True,26.55,C,S
13,0,3,Mr,male,20.0,False,0,0,1,True,8.05,Unknown,S
14,0,3,Mr,male,39.0,False,1,5,7,False,31.275,Unknown,S
15,0,3,Miss,female,14.0,False,0,0,1,True,7.8542,Unknown,S
16,1,2,Mrs,female,55.0,False,0,0,1,True,16.0,Unknown,S
17,0,3,Master,male,2.0,False,4,1,6,False,29.125,Unknown,Q
18,1,2,Mr,male,31.0,True,0,0,1,True,13.0,Unknown,S
19,0,3,Mrs,female,31.0,False,1,0,2,False,18.0,Unknown,S
20,1,3,Mrs,female,31.0,True,0,0,1,True,7.225,Unknown,C
21,0,2,Mr,male,35.0,False,0,0,1,True,26.0,Unknown,S
22,1,2,Mr,male,34.0,False,0,0,1,True,13.0,D,S
23,1,3,Miss,female,15.0,False,0,0,1,True,8.0292,Unknown,Q
24,1,1,Mr,male,28.0,False,0,0,1,True,35.5,A,S
25,0,3,Miss,female,8.0,False,3,1,5,False,21.075,Unknown,S
26,1,3,Mrs,female,38.0,False,1,5,7,False,31.3875,Unknown,S
27,0,3,Mr,male,26.0,True,0,0,1,True,7.225,Unknown,C
28,0,1,Mr,male,19.0,False,3,2,6,False,263.0,C,S
29,1,3,Miss,female,18.0,True,0,0,1,True,7.8792,Unknown,Q
30,0,3,Mr,male,26.0,True,0,0,1,True,7.8958,Unknown,S
31,0,1,Rare,male,40.0,False,0,0,1,True,27.7208,Unknown,C
32,1,1,Mrs,female,40.0,True,1,0,2,False,146.5208,B,C
33,1,3,Miss,female,18.0,True,0,0,1,True,7.75,Unknown,Q
34,0,2,Mr,male,66.0,False,0,0,1,True,10.5,Unknown,S
35,0,1,Mr,male,28.0,False,1,0,2,False,82.1708,Unknown,C
36,0,1,Mr,male,42.0,False,1,0,2,False,52.0,Unknown,S
37,1,3,Mr,male,26.0,True,0,0,1,True,7.2292,Unknown,C
38,0,3,Mr,male,21.0,False,0,0,1,True,8.05,Unknown,S
39,0,3,Miss,female,18.0,False,2,0,3,False,18.0,Unknown,S
40,1,3,Miss,female,14.0,False,1,0,2,False,11.2417,Unknown,C
41,0,3,Mrs,female,40.0,False,1,0,2,False,9.475,Unknown,S
42,0,2,Mrs,female,27.0,False,1,0,2,False,21.0,Unknown,S
43,0,3,Mr,male,26.0,True,0,0,1,True,7.8958,Unknown,C
44,1,2,Miss,female,3.0,False,1,2,4,False,41.5792,Unknown,C
45,1,3,Miss,female,19.0,False,0,0,1,True,7.8792,Unknown,Q
46,0,3,Mr,male,26.0,True,0,0,1,True,8.05,Unknown,S
47,0,3,Mr,male,26.0,True,1,0,2,False,15.5,Unknown,Q
48,1,3,Miss,female,18.0,True,0,0,1,True,7.75,Unknown,Q
49,0,3,Mr,male,26.0,True,2,0,3,False,21.6792,Unknown,C
50,0,3,Mrs,female,18.0,False,1,0,2,False,17.8,Unknown,S
51,0,3,Master,male,7.0,False,4,1,6,False,39.6875,Unknown,S
52,0,3,Mr,male,21.0,False,0,0,1,True,7.8,Unknown,S
53,1,1,Mrs,female,49.0,False,1,0,2,False,76.7292,D,C
54,1,2,Mrs,female,29.0,False,1,0,2,False,26.0,Unknown,S
55,0,1,Mr,male,65.0,False,0,1,2,False,61.9792,B,C
56,1,1,Mr,male,40.0,True,0,0,1,True,35.5,C,S
57,1,2,Miss,female,21.0,False,0,0,1,True,10.5,Unknown,S
58,0,3,Mr,male,28.5,False,0,0,1,True,7.2292,Unknown,C
59,1,2,Miss,female,5.0,False,1,2,4,False,27.75,Unknown,S
60,0,3,Master,male,11.0,False,5,2,8,False,46.9,Unknown,S
61,0,3,Mr,male,22.0,False,0,0,1,True,7.2292,Unknown,C
62,1,1,Miss,female,38.0,False,0,0,1,True,80.0,B,S
63,0,1,Mr,male,45.0,False,1,0,2,False,83.475,C,S
64,0,3,Master,male,4.0,False,3,2,6,False,27.9,Unknown,S
65,0,1,Mr,male,40.0,True,0,0,1,True,27.7208,Unknown,C
66,1,3,Master,male,4.0,True,1,1,3,False,15.2458,Unknown,C
67,1,2,Mrs,female,29.0,False,0,0,1,True,10.5,F,S
68,0,3,Mr,male,19.0,False,0,0,1,True,8.1583,Unknown,S
69,1,3,Miss,female,17.0,False,4,2,7,False,7.925,Unknown,S
70,0,3,Mr,male,26.0,False,2,0,3,False,8.6625,Unknown,S
71,0,2,Mr,male,32.0,False,0,0,1,True,10.5,Unknown,S
72,0,3,Miss,female,16.0,False,5,2,8,False,46.9,Unknown,S
73,0,2,Mr,male,21.0,False,0,0,1,True,73.5,Unknown,S
74,0,3,Mr,male,26.0,False,1,0,2,False,14.4542,Unknown,C
75,1,3,Mr,male,32.0,False,0,0,1,True,56.4958,Unknown,S
76,0,3,Mr,male,25.0,False,0,0,1,True,7.65,F,S
77,0,3,Mr,male,26.0,True,0,0,1,True,7.8958,Unknown,S
78,0,3,Mr,male,26.0,True,0,0,1,True,8.05,Unknown,S
79,1,2,Master,male,0.83,False,0,2,3,False,29.0,Unknown,S
80,1,3,Miss,female,30.0,False,0,0,1,True,12.475,Unknown,S
81,0,3,Mr,male,22.0,False,0,0,1,True,9.0,Unknown,S
82,1,3,Mr,male,29.0,False,0,0,1,True,9.5,Unknown,S
83,1,3,Miss,female,18.0,True,0,0,1,True,7.7875,Unknown,Q
84,0,1,Mr,male,28.0,False,0,0,1,True,47.1,Unknown,S
85,1,2,Miss,female,17.0,False,0,0,1,True,10.5,Unknown,S
86,1,3,Mrs,female,33.0,False,3,0,4,False,15.85,Unknown,S
87,0,3,Mr,male,16.0,False,1,3,5,False,34.375,Unknown,S
88,0,3,Mr,male,26.0,True,0,0,1,True,8.05,Unknown,S
89,1,1,Miss,female,23.0,False,3,2,6,False,263.0,C,S
90,0,3,Mr,male,24.0,False,0,0,1,True,8.05,Unknown,S
91,0,3,Mr,male,29.0,False,0,0,1,True,8.05,Unknown,S
92,0,3,Mr,male,20.0,False,0,0,1,True,7.8542,Unknown,S
93,0,1,Mr,male,46.0,False,1,0,2,False,61.175,E,S
94,0,3,Mr,male,26.0,False,1,2,4,False,20.575,Unknown,S
95,0,3,Mr,male,59.0,False,0,0,1,True,7.25,Unknown,S
96,0,3,Mr,male,26.0,True,0,0,1,True,8.05,Unknown,S
97,0,1,Mr,male,71.0,False,0,0,1,True,34.6542,A,C
98,1,1,Mr,male,23.0,False,0,1,2,False,63.3583,D,C
99,1,2,Mrs,female,34.0,False,0,1,2,False,23.0,Unknown,S
100,0,2,Mr,male,34.0,False,1,0,2,False,26.0,Unknown,S
101,0,3,Miss,female,28.0,False,0,0,1,True,7.8958,Unknown,S
102,0,3,Mr,male,26.0,True,0,0,1,True,7.8958,Unknown,S
103,0,1,Mr,male,21.0,False,0,1,2,False,77.2875,D,S
104,0,3,Mr,male,33.0,False,0,0,1,True,8.6542,Unknown,S
105,0,3,Mr,male,37.0,False,2,0,3,False,7.925,Unknown,S
106,0,3,Mr,male,28.0,False,0,0,1,True,7.8958,Unknown,S
107,1,3,Miss,female,21.0,False,0,0,1,True,7.65,Unknown,S
108,1,3,Mr,male,26.0,True,0,0,1,True,7.775,Unknown,S
109,0,3,Mr,male,38.0,False,0,0,1,True,7.8958,Unknown,S
110,1,3,Miss,female,18.0,True,1,0,2,False,24.15,Unknown,Q
111,0,1,Mr,male,47.0,False,0,0,1,True,52.0,C,S
112,0,3,Miss,female,14.5,False,1,0,2,False,14.4542,Unknown,C
113,0,3,Mr,male,22.0,False,0,0,1,True,8.05,Unknown,S
114,0,3,Miss,female,20.0,False,1,0,2,False,9.825,Unknown,S
115,0,3,Miss,female,17.0,False,0,0,1,True,14.4583,Unknown,C
116,0,3,Mr,male,21.0,False,0,0,1,True,7.925,Unknown,S
117,0,3,Mr,male,70.5,False,0,0,1,True,7.75,Unknown,Q
118,0,2,Mr,male,29.0,False,1,0,2,False,21.0,Unknown,S
119,0,1,Mr,male,24.0,False,0,1,2,False,247.5208,B,C
120,0,3,Miss,female,2.0,False,4,2,7,False,31.275,Unknown,S
121,0,2,Mr,male,21.0,False,2,0,3,False,73.5,Unknown,S
122,0,3,Mr,male,26.0,True,0,0,1,True,8.05,Unknown,S
123,0,2,Mr,male,32.5,False,1,0,2,False,30.0708,Unknown,C
124,1,2,Miss,female,32.5,False,0,0,1,True,13.0,E,S
125,0,1,Mr,male,54.0,False,0,1,2,False,77.2875,D,S
126,1,3,Master,male,12.0,False,1,0,2,False,11.2417,Unknown,C
127,0,3,Mr,male,26.0,True,0,0,1,True,7.75,Unknown,Q
128,1,3,Mr,male,24.0,False,0,0,1,True,7.1417,Unknown,S
129,1,3,Miss,female,18.0,True,1,1,3,False,22.3583,F,C
130,0,3,Mr,male,45.0,False,0,0,1,True,6.975,Unknown,S
131,0,3,Mr,male,33.0,False,0,0,1,True,7.8958,Unknown,C
132,0,3,Mr,male,20.0,False,0,0,1,True,7.05,Unknown,S
133,0,3,Mrs,female,47.0,False,1,0,2,False,14.5,Unknown,S
134,1,2,Mrs,female,29.0,False,1,0,2,False,26.0,Unknown,S
135,0,2,Mr,male,25.0,False,0,0,1,True,13.0,Unknown,S
136,0,2,Mr,male,23.0,False,0,0,1,True,15.0458,Unknown,C
137,1,1,Miss,female,19.0,False,0,2,3,False,26.2833,D,S
138,0,1,Mr,male,37.0,False,1,0,2,False,53.1,C,S
139,0,3,Mr,male,16.0,False,0,0,1,True,9.2167,Unknown,S
140,0,1,Mr,male,24.0,False,0,0,1,True,79.2,B,C
141,0,3,Mrs,female,31.0,True,0,2,3,False,15.2458,Unknown,C
142,1,3,Miss,female,22.0,False,0,0,1,True,7.75,Unknown,S
143,1,3,Mrs,female,24.0,False,1,0,2,False,15.85,Unknown,S
144,0,3,Mr,male,19.0,False,0,0,1,True,6.75,Unknown,Q
145,0,2,Mr,male,18.0,False,0,0,1,True,11.5,Unknown,S
146,0,2,Mr,male,19.0,False,1,1,3,False,36.75,Unknown,S
147,1,3,Mr,male,27.0,False,0,0,1,True,7.7958,Unknown,S
148,0,3,Miss,female,9.0,False,2,2,5,False,34.375,Unknown,S
149,0,2,Mr,male,36.5,False,0,2,3,False,26.0,F,S
150,0,2,Rare,male,42.0,False,0,0,1,True,13.0,Unknown,S
151,0,2,Rare,male,51.0,False,0,0,1,True,12.525,Unknown,S
152,1,1,Mrs,female,22.0,False,1,0,2,False,66.6,C,S
153,0,3,Mr,male,55.5,False,0,0,1,True,8.05,Unknown,S
154,0,3,Mr,male,40.5,False,0,2,3,False,14.5,Unknown,S
155,0,3,Mr,male,26.0,True,0,0,1,True,7.3125,Unknown,S
156,0,1,Mr,male,51.0,False,0,1,2,False,61.3792,Unknown,C
157,1,3,Miss,female,16.0,False,0,0,1,True,7.7333,Unknown,Q
158,0,3,Mr,male,30.0,False,0,0,1,True,8.05,Unknown,S
159,0,3,Mr,male,26.0,True,0,0,1,True,8.6625,Unknown,S
160,0,3,Master,male,4.0,True,8,2,11,False,69.55,Unknown,S
161,0,3,Mr,male,44.0,False,0,1,2,False,16.1,Unknown,S
162,1,2,Mrs,female,40.0,False,0,0,1,True,15.75,Unknown,S
163,0,3,Mr,male,26.0,False,0,0,1,True,7.775,Unknown,S
164,0,3,Mr,male,17.0,False,0,0,1,True,8.6625,Unknown,S
165,0,3,Master,male,1.0,False,4,1,6,False,39.6875,Unknown,S
166,1,3,Master,male,9.0,False,0,2,3,False,20.525,Unknown,S
167,1,1,Mrs,female,40.0,True,0,1,2,False,55.0,E,S
168,0,3,Mrs,female,45.0,False,1,4,6,False,27.9,Unknown,S
169,0,1,Mr,male,40.0,True,0,0,1,True,25.925,Unknown,S
170,0,3,Mr,male,28.0,False,0,0,1,True,56.4958,Unknown,S
171,0,1,Mr,male,61.0,False,0,0,1,True,33.5,B,S
172,0,3,Master,male,4.0,False,4,1,6,False,29.125,Unknown,Q
173,1,3,Miss,female,1.0,False,1,1,3,False,11.1333,Unknown,S
174,0,3,Mr,male,21.0,False,0,0,1,True,7.925,Unknown,S
175,0,1,Mr,male,56.0,False,0,0,1,True,30.6958,A,C
176,0,3,Mr,male,18.0,False,1,1,3,False,7.8542,Unknown,S
177,0,3,Master,male,4.0,True,3,1,5,False,25.4667,Unknown,S
178,0,1,Miss,female,50.0,False,0,0,1,True,28.7125,C,C
179,0,2,Mr,male,30.0,False,0,0,1,True,13.0,Unknown,S
180,0,3,Mr,male,36.0,False,0,0,1,True,0.0,Unknown,S
181,0,3,Miss,female,18.0,True,8,2,11,False,69.55,Unknown,S
182,0,2,Mr,male,31.0,True,0,0,1,True,15.05,Unknown,C
183,0,3,Master,male,9.0,False,4,2,7,False,31.3875,Unknown,S
184,1,2,Master,male,1.0,False,2,1,4,False,39.0,F,S
185,1,3,Miss,female,4.0,False,0,2,3,False,22.025,Unknown,S
186,0,1,Mr,male,40.0,True,0,0,1,True,50.0,A,S
187,1,3,Mrs,female,31.0,True,1,0,2,False,15.5,Unknown,Q
188,1,1,Mr,male,45.0,False,0,0,1,True,26.55,Unknown,S
189,0,3,Mr,male,40.0,False,1,1,3,False,15.5,Unknown,Q
190,0,3,Mr,male,36.0,False,0,0,1,True,7.8958,Unknown,S
191,1,2,Mrs,female,32.0,False,0,0,1,True,13.0,Unknown,S
192,0,2,Mr,male,19.0,False,0,0,1,True,13.0,Unknown,S
193,1,3,Miss,female,19.0,False,1,0,2,False,7.8542,Unknown,S
194,1,2,Master,male,3.0,False,1,1,3,False,26.0,F,S
195,1,1,Mrs,female,44.0,False,0,0,1,True,27.7208,B,C
196,1,1,Miss,female,58.0,False,0,0,1,True,146.5208,B,C
197,0,3,Mr,male,26.0,True,0,0,1,True,7.75,Unknown,Q
198,0,3,Mr,male,42.0,False,0,1,2,False,8.4042,Unknown,S
199,1,3,Miss,female,18.0,True,0,0,1,True,7.75,Unknown,Q
200,0,2,Miss,female,24.0,False,0,0,1,True,13.0,Unknown,S
201,0,3,Mr,male,28.0,False,0,0,1,True,9.5,Unknown,S
202,0,3,Mr,male,26.0,True,8,2,11,False,69.55,Unknown,S
203,0,3,Mr,male,34.0,False,0,0,1,True,6.4958,Unknown,S
204,0,3,Mr,male,45.5,False,0,0,1,True,7.225,Unknown,C
205,1,3,Mr,male,18.0,False,0,0,1,True,8.05,Unknown,S
206,0,3,Miss,female,2.0,False,0,1,2,False,10.4625,G,S
207,0,3,Mr,male,32.0,False,1,0,2,False,15.85,Unknown,S
208,1,3,Mr,male,26.0,False,0,0,1,True,18.7875,Unknown,C
209,1,3,Miss,female,16.0,False,0,0,1,True,7.75,Unknown,Q
210,1,1,Mr,male,40.0,False,0,0,1,True,31.0,A,C
211,0,3,Mr,male,24.0,False,0,0,1,True,7.05,Unknown,S
212,1,2,Miss,female,35.0,False,0,0,1,True,21.0,Unknown,S
213,0,3,Mr,male,22.0,False,0,0,1,True,7.25,Unknown,S
214,0,2,Mr,male,30.0,False,0,0,1,True,13.0,Unknown,S
215,0,3,Mr,male,26.0,True,1,0,2,False,7.75,Unknown,Q
216,1,1,Miss,female,31.0,False,1,0,2,False,113.275,D,C
217,1,3,Miss,female,27.0,False,0,0,1,True,7.925,Unknown,S
218,0,2,Mr,male,42.0,False,1,0,2,False,27.0,Unknown,S
219,1,1,Miss,female,32.0,False,0,0,1,True,76.2917,D,C
220,0,2,Mr,male,30.0,False,0,0,1,True,10.5,Unknown,S
221,1,3,Mr,male,16.0,False,0,0,1,True,8.05,Unknown,S
222,0,2,Mr,male,27.0,False,0,0,1,True,13.0,Unknown,S
223,0,3,Mr,male,51.0,False,0,0,1,True,8.05,Unknown,S
224,0,3,Mr,male,26.0,True,0,0,1,True,7.8958,Unknown,S
225,1,1,Mr,male,38.0,False,1,0,2,False,90.0,C,S
226,0,3,Mr,male,22.0,False,0,0,1,True,9.35,Unknown,S
227,1,2,Mr,male,19.0,False,0,0,1,True,10.5,Unknown,S
228,0,3,Mr,male,20.5,False,0,0,1,True,7.25,Unknown,S
229,0,2,Mr,male,18.0,False,0,0,1,True,13.0,Unknown,S
230,0,3,Miss,female,18.0,True,3,1,5,False,25.4667,Unknown,S
231,1,1,Mrs,female,35.0,False,1,0,2,False,83.475,C,S
232,0,3,Mr,male,29.0,False,0,0,1,True,7.775,Unknown,S
233,0,2,Mr,male,59.0,False,0,0,1,True,13.5,Unknown,S
234,1,3,Miss,female,5.0,False,4,2,7,False,31.3875,Unknown,S
235,0,2,Mr,male,24.0,False,0,0,1,True,10.5,Unknown,S
236,0,3,Miss,female,18.0,True,0,0,1,True,7.55,Unknown,S
237,0,2,Mr,male,44.0,False,1,0,2,False,26.0,Unknown,S
238,1,2,Miss,female,8.0,False,0,2,3,False,26.25,Unknown,S
239,0,2,Mr,male,19.0,False,0,0,1,True,10.5,Unknown,S
240,0,2,Mr,male,33.0,False,0,0,1,True,12.275,Unknown,S
241,0,3,Miss,female,18.0,True,1,0,2,False,14.4542,Unknown,C
242,1,3,Miss,female,18.0,True,1,0,2,False,15.5,Unknown,Q
243,0,2,Mr,male,29.0,False,0,0,1,True,10.5,Unknown,S
244,0,3,Mr,male,22.0,False,0,0,1,True,7.125,Unknown,S
245,0,3,Mr,male,30.0,False,0,0,1,True,7.225,Unknown,C
246,0,1,Rare,male,44.0,False,2,0,3,False,90.0,C,Q
247,0,3,Miss,female,25.0,False,0,0,1,True,7.775,Unknown,S
248,1,2,Mrs,female,24.0,False,0,2,3,False,14.5,Unknown,S
249,1,1,Mr,male,37.0,False,1,1,3,False,52.5542,D,S
250,0,2,Rare,male,54.0,False,1,0,2,False,26.0,Unknown,S
251,0,3,Mr,male,26.0,True,0,0,1,True,7.25,Unknown,S
252,0,3,Mrs,female,29.0,False,1,1,3,False,10.4625,G,S
253,0,1,Mr,male,62.0,False,0,0,1,True,26.55,C,S
254,0,3,Mr,male,30.0,False,1,0,2,False,16.1,Unknown,S
255,0,3,Mrs,female,41.0,False,0,2,3,False,20.2125,Unknown,S
256,1,3,Mrs,female,29.0,False,0,2,3,False,15.2458,Unknown,C
257,1,1,Mrs,female,40.0,True,0,0,1,True,79.2,Unknown,C
258,1,1,Miss,female,30.0,False,0,0,1,True,86.5,B,S
259,1,1,Miss,female,35.0,False,0,0,1,True,512.3292,Unknown,C
260,1,2,Mrs,female,50.0,False,0,1,2,False,26.0,Unknown,S
261,0,3,Mr,male,26.0,True,0,0,1,True,7.75,Unknown,Q
262,1,3,Master,male,3.0,False,4,2,7,False,31.3875,Unknown,S
263,0,1,Mr,male,52.0,False,1,1,3,False,79.65,E,S
264,0,1,Mr,male,40.0,False,0,0,1,True,0.0,B,S
265,0,3,Miss,female,18.0,True,0,0,1,True,7.75,Unknown,Q
266,0,2,Mr,male,36.0,False,0,0,1,True,10.5,Unknown,S
267,0,3,Mr,male,16.0,False,4,1,6,False,39.6875,Unknown,S
268,1,3,Mr,male,25.0,False,1,0,2,False,7.775,Unknown,S
269,1,1,Mrs,female,58.0,False,0,1,2,False,153.4625,C,S
270,1,1,Miss,female,35.0,False,0,0,1,True,135.6333,C,S
271,0,1,Mr,male,40.0,True,0,0,1,True,31.0,Unknown,S
272,1,3,Mr,male,25.0,False,0,0,1,True,0.0,Unknown,S
273,1,2,Mrs,female,41.0,False,0,1,2,False,19.5,Unknown,S
274,0,1,Mr,male,37.0,False,0,1,2,False,29.7,C,C
275,1,3,Miss,female,18.0,True,0,0,1,True,7.75,Unknown,Q
276,1,1,Miss,female,63.0,False,1,0,2,False,77.9583,D,S
277,0,3,Miss,female,45.0,False,0,0,1,True,7.75,Unknown,S
278,0,2,Mr,male,31.0,True,0,0,1,True,0.0,Unknown,S
279,0,3,Master,male,7.0,False,4,1,6,False,29.125,Unknown,Q
280,1,3,Mrs,female,35.0,False,1,1,3,False,20.25,Unknown,S
281,0,3,Mr,male,65.0,False,0,0,1,True,7.75,Unknown,Q
282,0,3,Mr,male,28.0,False,0,0,1,True,7.8542,Unknown,S
283,0,3,Mr,male,16.0,False,0,0,1,True,9.5,Unknown,S
284,1,3,Mr,male,19.0,False,0,0,1,True,8.05,Unknown,S
285,0,1,Mr,male,40.0,True,0,0,1,True,26.0,A,S
286,0,3,Mr,male,33.0,False,0,0,1,True,8.6625,Unknown,C
287,1,3,Mr,male,30.0,False,0,0,1,True,9.5,Unknown,S
288,0,3,Mr,male,22.0,False,0,0,1,True,7.8958,Unknown,S
289,1,2,Mr,male,42.0,False,0,0,1,True,13.0,Unknown,S
290,1,3,Miss,female,22.0,False,0,0,1,True,7.75,Unknown,Q
291,1,1,Miss,female,26.0,False,0,0,1,True,78.85,Unknown,S
292,1,1,Mrs,female,19.0,False,1,0,2,False,91.0792,B,C
293,0,2,Mr,male,36.0,False,0,0,1,True,12.875,D,C
294,0,3,Miss,female,24.0,False,0,0,1,True,8.85,Unknown,S
295,0,3,Mr,male,24.0,False,0,0,1,True,7.8958,Unknown,S
296,0,1,Mr,male,40.0,True,0,0,1,True,27.7208,Unknown,C
297,0,3,Mr,male,23.5,False,0,0,1,True,7.2292,Unknown,C
298,0,1,Miss,female,2.0,False,1,2,4,False,151.55,C,S
299,1,1,Mr,male,40.0,True,0,0,1,True,30.5,C,S
300,1,1,Mrs,female,50.0,False,0,1,2,False,247.5208,B,C
301,1,3,Miss,female,18.0,True,0,0,1,True,7.75,Unknown,Q
302,1,3,Mr,male,26.0,True,2,0,3,False,23.25,Unknown,Q
303,0,3,Mr,male,19.0,False,0,0,1,True,0.0,Unknown,S
304,1,2,Miss,female,24.0,True,0,0,1,True,12.35,E,Q
305,0,3,Mr,male,26.0,True,0,0,1,True,8.05,Unknown,S
306,1,1,Master,male,0.92,False,1,2,4,False,151.55,C,S
307,1,1,Miss,female,30.0,True,0,0,1,True,110.8833,Unknown,C
308,1,1,Mrs,female,17.0,False,1,0,2,False,108.9,C,C
309,0,2,Mr,male,30.0,False,1,0,2,False,24.0,Unknown,C
310,1,1,Miss,female,30.0,False,0,0,1,True,56.9292,E,C
311,1,1,Miss,female,24.0,False,0,0,1,True,83.1583,C,C
312,1,1,Miss,female,18.0,False,2,2,5,False,262.375,B,C
313,0,2,Mrs,female,26.0,False,1,1,3,False,26.0,Unknown,S
314,0,3,Mr,male,28.0,False,0,0,1,True,7.8958,Unknown,S
315,0,2,Mr,male,43.0,False,1,1,3,False,26.25,Unknown,S
316,1,3,Miss,female,26.0,False,0,0,1,True,7.8542,Unknown,S
317,1,2,Mrs,female,24.0,False,1,0,2,False,26.0,Unknown,S
318,0,2,Rare,male,54.0,False,0,0,1,True,14.0,Unknown,S
319,1,1,Miss,female,31.0,False,0,2,3,False,164.8667,C,S
320,1,1,Mrs,female,40.0,False,1,1,3,False,134.5,E,C
321,0,3,Mr,male,22.0,False,0,0,1,True,7.25,Unknown,S
322,0,3,Mr,male,27.0,False,0,0,1,True,7.8958,Unknown,S
323,1,2,Miss,female,30.0,False,0,0,1,True,12.35,Unknown,Q
324,1,2,Mrs,female,22.0,False,1,1,3,False,29.0,Unknown,S
325,0,3,Mr,male,26.0,True,8,2,11,False,69.55,Unknown,S
326,1,1,Miss,female,36.0,False,0,0,1,True,135.6333,C,C
327,0,3,Mr,male,61.0,False,0,0,1,True,6.2375,Unknown,S
328,1,2,Mrs,female,36.0,False,0,0,1,True,13.0,D,S
329,1,3,Mrs,female,31.0,False,1,1,3,False,20.525,Unknown,S
330,1,1,Miss,female,16.0,False,0,1,2,False,57.9792,B,C
331,1,3,Miss,female,18.0,True,2,0,3,False,23.25,Unknown,Q
332,0,1,Mr,male,45.5,False,0,0,1,True,28.5,C,S
333,0,1,Mr,male,38.0,False,0,1,2,False,153.4625,C,S
334,0,3,Mr,male,16.0,False,2,0,3,False,18.0,Unknown,S
335,1,1,Mrs,female,40.0,True,1,0,2,False,133.65,Unknown,S
336,0,3,Mr,male,26.0,True,0,0,1,True,7.8958,Unknown,S
337,0,1,Mr,male,29.0,False,1,0,2,False,66.6,C,S
338,1,1,Miss,female,41.0,False,0,0,1,True,134.5,E,C
339,1,3,Mr,male,45.0,False,0,0,1,True,8.05,Unknown,S
340,0,1,Mr,male,45.0,False,0,0,1,True,35.5,T,S
341,1,2,Master,male,2.0,False,1,1,3,False,26.0,F,S
342,1,1,Miss,female,24.0,False,3,2,6,False,263.0,C,S
343,0,2,Mr,male,28.0,False,0,0,1,True,13.0,Unknown,S
344,0,2,Mr,male,25.0,False,0,0,1,True,13.0,Unknown,S
345,0,2,Mr,male,36.0,False,0,0,1,True,13.0,Unknown,S
346,1,2,Miss,female,24.0,False,0,0,1,True,13.0,F,S
347,1,2,Miss,female,40.0,False,0,0,1,True,13.0,Unknown,S
348,1,3,Mrs,female,31.0,True,1,0,2,False,16.1,Unknown,S
349,1,3,Master,male,3.0,False,1,1,3,False,15.9,Unknown,S
350,0,3,Mr,male,42.0,False,0,0,1,True,8.6625,Unknown,S
351,0,3,Mr,male,23.0,False,0,0,1,True,9.225,Unknown,S
352,0,1,Mr,male,40.0,True,0,0,1,True,35.0,C,S
353,0,3,Mr,male,15.0,False,1,1,3,False,7.2292,Unknown,C
354,0,3,Mr,male,25.0,False,1,0,2,False,17.8,Unknown,S
355,0,3,Mr,male,26.0,True,0,0,1,True,7.225,Unknown,C
356,0,3,Mr,male,28.0,False,0,0,1,True,9.5,Unknown,S
357,1,1,Miss,female,22.0,False,0,1,2,False,55.0,E,S
358,0,2,Miss,female,38.0,False,0,0,1,True,13.0,Unknown,S
359,1,3,Miss,female,18.0,True,0,0,1,True,7.8792,Unknown,Q
360,1,3,Miss,female,18.0,True,0,0,1,True,7.8792,Unknown,Q
361,0,3,Mr,male,40.0,False,1,4,6,False,27.9,Unknown,S
362,0,2,Mr,male,29.0,False,1,0,2,False,27.7208,Unknown,C
363,0,3,Mrs,female,45.0,False,0,1,2,False,14.4542,Unknown,C
364,0,3,Mr,male,35.0,False,0,0,1,True,7.05,Unknown,S
365,0,3,Mr,male,26.0,True,1,0,2,False,15.5,Unknown,Q
366,0,3,Mr,male,30.0,False,0,0,1,True,7.25,Unknown,S
367,1,1,Mrs,female,60.0,False,1,0,2,False,75.25,D,C
368,1,3,Mrs,female,31.0,True,0,0,1,True,7.2292,Unknown,C
369,1,3,Miss,female,18.0,True,0,0,1,True,7.75,Unknown,Q
370,1,1,Mrs,female,24.0,False,0,0,1,True,69.3,B,C
371,1,1,Mr,male,25.0,False,1,0,2,False,55.4417,E,C
372,0,3,Mr,male,18.0,False,1,0,2,False,6.4958,Unknown,S
373,0,3,Mr,male,19.0,False,0,0,1,True,8.05,Unknown,S
374,0,1,Mr,male,22.0,False,0,0,1,True,135.6333,Unknown,C
375,0,3,Miss,female,3.0,False,3,1,5,False,21.075,Unknown,S
376,1,1,Mrs,female,40.0,True,1,0,2,False,82.1708,Unknown,C
377,1,3,Miss,female,22.0,False,0,0,1,True,7.25,Unknown,S
378,0,1,Mr,male,27.0,False,0,2,3,False,211.5,C,C
379,0,3,Mr,male,20.0,False,0,0,1,True,4.0125,Unknown,C
380,0,3,Mr,male,19.0,False,0,0,1,True,7.775,Unknown,S
381,1,1,Miss,female,42.0,False,0,0,1,True,227.525,Unknown,C
382,1,3,Miss,female,1.0,False,0,2,3,False,15.7417,Unknown,C
383,0,3,Mr,male,32.0,False,0,0,1,True,7.925,Unknown,S
384,1,1,Mrs,female,35.0,False,1,0,2,False,52.0,Unknown,S
385,0,3,Mr,male,26.0,True,0,0,1,True,7.8958,Unknown,S
386,0,2,Mr,male,18.0,False,0,0,1,True,73.5,Unknown,S
387,0,3,Master,male,1.0,False,5,2,8,False,46.9,Unknown,S
388,1,2,Miss,female,36.0,False,0,0,1,True,13.0,Unknown,S
389,0,3,Mr,male,26.0,True,0,0,1,True,7.7292,Unknown,Q
390,1,2,Miss,female,17.0,False,0,0,1,True,12.0,Unknown,C
391,1,1,Mr,male,36.0,False,1,2,4,False,120.0,B,S
392,1,3,Mr,male,21.0,False,0,0,1,True,7.7958,Unknown,S
393,0,3,Mr,male,28.0,False,2,0,3,False,7.925,Unknown,S
394,1,1,Miss,female,23.0,False,1,0,2,False,113.275,D,C
395,1,3,Mrs,female,24.0,False,0,2,3,False,16.7,G,S
396,0,3,Mr,male,22.0,False,0,0,1,True,7.7958,Unknown,S
397,0,3,Miss,female,31.0,False,0,0,1,True,7.8542,Unknown,S
398,0,2,Mr,male,46.0,False,0,0,1,True,26.0,Unknown,S
399,0,2,Rare,male,23.0,False,0,0,1,True,10.5,Unknown,S
400,1,2,Mrs,female,28.0,False,0,0,1,True,12.65,Unknown,S
401,1,3,Mr,male,39.0,False,0,0,1,True,7.925,Unknown,S
402,0,3,Mr,male,26.0,False,0,0,1,True,8.05,Unknown,S
403,0,3,Miss,female,21.0,False,1,0,2,False,9.825,Unknown,S
404,0,3,Mr,male,28.0,False,1,0,2,False,15.85,Unknown,S
405,0,3,Miss,female,20.0,False,0,0,1,True,8.6625,Unknown,S
406,0,2,Mr,male,34.0,False,1,0,2,False,21.0,Unknown,S
407,0,3,Mr,male,51.0,False,0,0,1,True,7.75,Unknown,S
408,1,2,Master,male,3.0,False,1,1,3,False,18.75,Unknown,S
409,0,3,Mr,male,21.0,False,0,0,1,True,7.775,Unknown,S
410,0,3,Miss,female,18.0,True,3,1,5,False,25.4667,Unknown,S
411,0,3,Mr,male,26.0,True,0,0,1,True,7.8958,Unknown,S
412,0,3,Mr,male,26.0,True,0,0,1,True,6.8583,Unknown,Q
413,1,1,Miss,female,33.0,False,1,0,2,False,90.0,C,Q
414,0,2,Mr,male,31.0,True,0,0,1,True,0.0,Unknown,S
415,1,3,Mr,male,44.0,False,0,0,1,True,7.925,Unknown,S
416,0,3,Mrs,female,31.0,True,0,0,1,True,8.05,Unknown,S
417,1,2,Mrs,female,34.0,False,1,1,3,False,32.5,Unknown,S
418,1,2,Miss,female,18.0,False,0,2,3,False,13.0,Unknown,S
419,0,2,Mr,male,30.0,False,0,0,1,True,13.0,Unknown,S
420,0,3,Miss,female,10.0,False,0,2,3,False,24.15,Unknown,S
421,0,3,Mr,male,26.0,True,0,0,1,True,7.8958,Unknown,C
422,0,3,Mr,male,21.0,False,0,0,1,True,7.7333,Unknown,Q
423,0,3,Mr,male,29.0,False,0,0,1,True,7.875,Unknown,S
424,0,3,Mrs,female,28.0,False,1,1,3,False,14.4,Unknown,S
425,0,3,Mr,male,18.0,False,1,1,3,False,20.2125,Unknown,S
426,0,3,Mr,male,26.0,True,0,0,1,True,7.25,Unknown,S
427,1,2,Mrs,female,28.0,False,1,0,2,False,26.0,Unknown,S
428,1,2,Miss,female,19.0,False,0,0,1,True,26.0,Unknown,S
429,0,3,Mr,male,26.0,True,0,0,1,True,7.75,Unknown,Q
430,1,3,Mr,male,32.0,False,0,0,1,True,8.05,E,S
431,1,1,Mr,male,28.0,False,0,0,1,True,26.55,C,S
432,1,3,Mrs,female,31.0,True,1,0,2,False,16.1,Unknown,S
433,1,2,Mrs,female,42.0,False,1,0,2,False,26.0,Unknown,S
434,0,3,Mr,male,17.0,False,0,0,1,True,7.125,Unknown,S
435,0,1,Mr,male,50.0,False,1,0,2,False,55.9,E,S
436,1,1,Miss,female,14.0,False,1,2,4,False,120.0,B,S
437,0,3,Miss,female,21.0,False,2,2,5,False,34.375,Unknown,S
438,1,2,Mrs,female,24.0,False,2,3,6,False,18.75,Unknown,S
439,0,1,Mr,male,64.0,False,1,4,6,False,263.0,C,S
440,0,2,Mr,male,31.0,False,0,0,1,True,10.5,Unknown,S
441,1,2,Mrs,female,45.0,False,1,1,3,False,26.25,Unknown,S
442,0,3,Mr,male,20.0,False,0,0,1,True,9.5,Unknown,S
443,0,3,Mr,male,25.0,False,1,0,2,False,7.775,Unknown,S
444,1,2,Miss,female,28.0,False,0,0,1,True,13.0,Unknown,S
445,1,3,Mr,male,26.0,True,0,0,1,True,8.1125,Unknown,S
446,1,1,Master,male,4.0,False,0,2,3,False,81.8583,A,S
447,1,2,Miss,female,13.0,False,0,1,2,False,19.5,Unknown,S
448,1,1,Mr,male,34.0,False,0,0,1,True,26.55,Unknown,S
449,1,3,Miss,female,5.0,False,2,1,4,False,19.2583,Unknown,C
450,1,1,Rare,male,52.0,False,0,0,1,True,30.5,C,S
451,0,2,Mr,male,36.0,False,1,2,4,False,27.75,Unknown,S
452,0,3,Mr,male,26.0,True,1,0,2,False,19.9667,Unknown,S
453,0,1,Mr,male,30.0,False,0,0,1,True,27.75,C,C
454,1,1,Mr,male,49.0,False,1,0,2,False,89.1042,C,C
455,0,3,Mr,male,26.0,True,0,0,1,True,8.05,Unknown,S
456,1,3,Mr,male,29.0,False,0,0,1,True,7.8958,Unknown,C
457,0,1,Mr,male,65.0,False,0,0,1,True,26.55,E,S
458,1,1,Mrs,female,40.0,True,1,0,2,False,51.8625,D,S
459,1,2,Miss,female,50.0,False,0,0,1,True,10.5,Unknown,S
460,0,3,Mr,male,26.0,True,0,0,1,True,7.75,Unknown,Q
461,1,1,Mr,male,48.0,False,0,0,1,True,26.55,E,S
462,0,3,Mr,male,34.0,False,0,0,1,True,8.05,Unknown,S
463,0,1,Mr,male,47.0,False,0,0,1,True,38.5,E,S
464,0,2,Mr,male,48.0,False,0,0,1,True,13.0,Unknown,S
465,0,3,Mr,male,26.0,True,0,0,1,True,8.05,Unknown,S
466,0,3,Mr,male,38.0,False,0,0,1,True,7.05,Unknown,S
467,0,2,Mr,male,31.0,True,0,0,1,True,0.0,Unknown,S
468,0,1,Mr,male,56.0,False,0,0,1,True,26.55,Unknown,S
469,0,3,Mr,male,26.0,True,0,0,1,True,7.725,Unknown,Q
470,1,3,Miss,female,0.75,False,2,1,4,False,19.2583,Unknown,C
471,0,3,Mr,male,26.0,True,0,0,1,True,7.25,Unknown,S
472,0,3,Mr,male,38.0,False,0,0,1,True,8.6625,Unknown,S
473,1,2,Mrs,female,33.0,False,1,2,4,False,27.75,Unknown,S
474,1,2,Mrs,female,23.0,False,0,0,1,True,13.7917,D,C
475,0,3,Miss,female,22.0,False,0,0,1,True,9.8375,Unknown,S
476,0,1,Mr,male,40.0,True,0,0,1,True,52.0,A,S
477,0,2,Mr,male,34.0,False,1,0,2,False,21.0,Unknown,S
478,0,3,Mr,male,29.0,False,1,0,2,False,7.0458,Unknown,S
479,0,3,Mr,male,22.0,False,0,0,1,True,7.5208,Unknown,S
480,1,3,Miss,female,2.0,False,0,1,2,False,12.2875,Unknown,S
481,0,3,Master,male,9.0,False,5,2,8,False,46.9,Unknown,S
482,0,2,Mr,male,31.0,True,0,0,1,True,0.0,Unknown,S
483,0,3,Mr,male,50.0,False,0,0,1,True,8.05,Unknown,S
484,1,3,Mrs,female,63.0,False,0,0,1,True,9.5875,Unknown,S
485,1,1,Mr,male,25.0,False,1,0,2,False,91.0792,B,C
486,0,3,Miss,female,18.0,True,3,1,5,False,25.4667,Unknown,S
487,1,1,Mrs,female,35.0,False,1,0,2,False,90.0,C,S
488,0,1,Mr,male,58.0,False,0,0,1,True,29.7,B,C
489,0,3,Mr,male,30.0,False,0,0,1,True,8.05,Unknown,S
490,1,3,Master,male,9.0,False,1,1,3,False,15.9,Unknown,S
491,0,3,Mr,male,26.0,True,1,0,2,False,19.9667,Unknown,S
492,0,3,Mr,male,21.0,False,0,0,1,True,7.25,Unknown,S
493,0,1,Mr,male,55.0,False,0,0,1,True,30.5,C,S
494,0,1,Mr,male,71.0,False,0,0,1,True,49.5042,Unknown,C
495,0,3,Mr,male,21.0,False,0,0,1,True,8.05,Unknown,S
496,0,3,Mr,male,26.0,True,0,0,1,True,14.4583,Unknown,C
497,1,1,Miss,female,54.0,False,1,0,2,False,78.2667,D,C
498,0,3,Mr,male,26.0,True,0,0,1,True,15.1,Unknown,S
499,0,1,Mrs,female,25.0,False,1,2,4,False,151.55,C,S
500,0,3,Mr,male,24.0,False,0,0,1,True,7.7958,Unknown,S
501,0,3,Mr,male,17.0,False,0,0,1,True,8.6625,Unknown,S
502,0,3,Miss,female,21.0,False,0,0,1,True,7.75,Unknown,Q
503,0,3,Miss,female,18.0,True,0,0,1,True,7.6292,Unknown,Q
504,0,3,Miss,female,37.0,False,0,0,1,True,9.5875,Unknown,S
505,1,1,Miss,female,16.0,False,0,0,1,True,86.5,B,S
506,0,1,Mr,male,18.0,False,1,0,2,False,108.9,C,C
507,1,2,Mrs,female,33.0,False,0,2,3,False,26.0,Unknown,S
508,1,1,Mr,male,40.0,True,0,0,1,True,26.55,Unknown,S
509,0,3,Mr,male,28.0,False,0,0,1,True,22.525,Unknown,S
510,1,3,Mr,male,26.0,False,0,0,1,True,56.4958,Unknown,S
511,1,3,Mr,male,29.0,False,0,0,1,True,7.75,Unknown,Q
512,0,3,Mr,male,26.0,True,0,0,1,True,8.05,Unknown,S
513,1,1,Mr,male,36.0,False,0,0,1,True,26.2875,E,S
514,1,1,Mrs,female,54.0,False,1,0,2,False,59.4,Unknown,C
515,0,3,Mr,male,24.0,False,0,0,1,True,7.4958,Unknown,S
516,0,1,Mr,male,47.0,False,0,0,1,True,34.0208,D,S
517,1,2,Mrs,female,34.0,False,0,0,1,True,10.5,F,S
518,0,3,Mr,male,26.0,True,0,0,1,True,24.15,Unknown,Q
519,1,2,Mrs,female,36.0,False,1,0,2,False,26.0,Unknown,S
520,0,3,Mr,male,32.0,False,0,0,1,True,7.8958,Unknown,S
521,1,1,Miss,female,30.0,False,0,0,1,True,93.5,B,S
522,0,3,Mr,male,22.0,False,0,0,1,True,7.8958,Unknown,S
523,0,3,Mr,male,26.0,True,0,0,1,True,7.225,Unknown,C
524,1,1,Mrs,female,44.0,False,0,1,2,False,57.9792,B,C
525,0,3,Mr,male,26.0,True,0,0,1,True,7.2292,Unknown,C
526,0,3,Mr,male,40.5,False,0,0,1,True,7.75,Unknown,Q
527,1,2,Miss,female,50.0,False,0,0,1,True,10.5,Unknown,S
528,0,1,Mr,male,40.0,True,0,0,1,True,221.7792,C,S
529,0,3,Mr,male,39.0,False,0,0,1,True,7.925,Unknown,S
530,0,2,Mr,male,23.0,False,2,1,4,False,11.5,Unknown,S
531,1,2,Miss,female,2.0,False,1,1,3,False,26.0,Unknown,S
532,0,3,Mr,male,26.0,True,0,0,1,True,7.2292,Unknown,C
533,0,3,Mr,male,17.0,False,1,1,3,False,7.2292,Unknown,C
534,1,3,Mrs,female,31.0,True,0,2,3,False,22.3583,Unknown,C
535,0,3,Miss,female,30.0,False,0,0,1,True,8.6625,Unknown,S
536,1,2,Miss,female,7.0,False,0,2,3,False,26.25,Unknown,S
537,0,1,Rare,male,45.0,False,0,0,1,True,26.55,B,S
538,1,1,Miss,female,30.0,False,0,0,1,True,106.425,Unknown,C
539,0,3,Mr,male,26.0,True,0,0,1,True,14.5,Unknown,S
540,1,1,Miss,female,22.0,False,0,2,3,False,49.5,B,C
541,1,1,Miss,female,36.0,False,0,2,3,False,71.0,B,S
542,0,3,Miss,female,9.0,False,4,2,7,False,31.275,Unknown,S
543,0,3,Miss,female,11.0,False,4,2,7,False,31.275,Unknown,S
544,1,2,Mr,male,32.0,False,1,0,2,False,26.0,Unknown,S
545,0,1,Mr,male,50.0,False,1,0,2,False,106.425,C,C
546,0,1,Mr,male,64.0,False,0,0,1,True,26.0,Unknown,S
547,1,2,Mrs,female,19.0,False,1,0,2,False,26.0,Unknown,S
548,1,2,Mr,male,31.0,True,0,0,1,True,13.8625,Unknown,C
549,0,3,Mr,male,33.0,False,1,1,3,False,20.525,Unknown,S
550,1,2,Master,male,8.0,False,1,1,3,False,36.75,Unknown,S
551,1,1,Mr,male,17.0,False,0,2,3,False,110.8833,C,C
552,0,2,Mr,male,27.0,False,0,0,1,True,26.0,Unknown,S
553,0,3,Mr,male,26.0,True,0,0,1,True,7.8292,Unknown,Q
554,1,3,Mr,male,22.0,False,0,0,1,True,7.225,Unknown,C
555,1,3,Miss,female,22.0,False,0,0,1,True,7.775,Unknown,S
556,0,1,Mr,male,62.0,False,0,0,1,True,26.55,Unknown,S
557,1,1,Rare,female,48.0,False,1,0,2,False,39.6,A,C
558,0,1,Mr,male,40.0,True,0,0,1,True,227.525,Unknown,C
559,1,1,Mrs,female,39.0,False,1,1,3,False,79.65,E,S
560,1,3,Mrs,female,36.0,False,1,0,2,False,17.4,Unknown,S
561,0,3,Mr,male,26.0,True,0,0,1,True,7.75,Unknown,Q
562,0,3,Mr,male,40.0,False,0,0,1,True,7.8958,Unknown,S
563,0,2,Mr,male,28.0,False,0,0,1,True,13.5,Unknown,S
564,0,3,Mr,male,26.0,True,0,0,1,True,8.05,Unknown,S
565,0,3,Miss,female,18.0,True,0,0,1,True,8.05,Unknown,S
566,0,3,Mr,male,24.0,False,2,0,3,False,24.15,Unknown,S
567,0,3,Mr,male,19.0,False,0,0,1,True,7.8958,Unknown,S
568,0,3,Mrs,female,29.0,False,0,4,5,False,21.075,Unknown,S
569,0,3,Mr,male,26.0,True,0,0,1,True,7.2292,Unknown,C
570,1,3,Mr,male,32.0,False,0,0,1,True,7.8542,Unknown,S
571,1,2,Mr,male,62.0,False,0,0,1,True,10.5,Unknown,S
572,1,1,Mrs,female,53.0,False,2,0,3,False,51.4792,C,S
573,1,1,Mr,male,36.0,False,0,0,1,True,26.3875,E,S
574,1,3,Miss,female,18.0,True,0,0,1,True,7.75,Unknown,Q
575,0,3,Mr,male,16.0,False,0,0,1,True,8.05,Unknown,S
576,0,3,Mr,male,19.0,False,0,0,1,True,14.5,Unknown,S
577,1,2,Miss,female,34.0,False,0,0,1,True,13.0,Unknown,S
578,1,1,Mrs,female,39.0,False,1,0,2,False,55.9,E,S
579,0,3,Mrs,female,31.0,True,1,0,2,False,14.4583,Unknown,C
580,1,3,Mr,male,32.0,False,0,0,1,True,7.925,Unknown,S
581,1,2,Miss,female,25.0,False,1,1,3,False,30.0,Unknown,S
582,1,1,Mrs,female,39.0,False,1,1,3,False,110.8833,C,C
583,0,2,Mr,male,54.0,False,0,0,1,True,26.0,Unknown,S
584,0,1,Mr,male,36.0,False,0,0,1,True,40.125,A,C
585,0,3,Mr,male,26.0,True,0,0,1,True,8.7125,Unknown,C
586,1,1,Miss,female,18.0,False,0,2,3,False,79.65,E,S
587,0,2,Mr,male,47.0,False,0,0,1,True,15.0,Unknown,S
588,1,1,Mr,male,60.0,False,1,1,3,False,79.2,B,C
589,0,3,Mr,male,22.0,False,0,0,1,True,8.05,Unknown,S
590,0,3,Mr,male,26.0,True,0,0,1,True,8.05,Unknown,S
591,0,3,Mr,male,35.0,False,0,0,1,True,7.125,Unknown,S
592,1,1,Mrs,female,52.0,False,1,0,2,False,78.2667,D,C
593,0,3,Mr,male,47.0,False,0,0,1,True,7.25,Unknown,S
594,0,3,Miss,female,18.0,True,0,2,3,False,7.75,Unknown,Q
595,0,2,Mr,male,37.0,False,1,0,2,False,26.0,Unknown,S
596,0,3,Mr,male,36.0,False,1,1,3,False,24.15,Unknown,S
597,1,2,Miss,female,24.0,True,0,0,1,True,33.0,Unknown,S
598,0,3,Mr,male,49.0,False,0,0,1,True,0.0,Unknown,S
599,0,3,Mr,male,26.0,True,0,0,1,True,7.225,Unknown,C
600,1,1,Rare,male,49.0,False,1,0,2,False,56.9292,A,C
601,1,2,Mrs,female,24.0,False,2,1,4,False,27.0,Unknown,S
602,0,3,Mr,male,26.0,True,0,0,1,True,7.8958,Unknown,S
603,0,1,Mr,male,40.0,True,0,0,1,True,42.4,Unknown,S
604,0,3,Mr,male,44.0,False,0,0,1,True,8.05,Unknown,S
605,1,1,Mr,male,35.0,False,0,0,1,True,26.55,Unknown,C
606,0,3,Mr,male,36.0,False,1,0,2,False,15.55,Unknown,S
607,0,3,Mr,male,30.0,False,0,0,1,True,7.8958,Unknown,S
608,1,1,Mr,male,27.0,False,0,0,1,True,30.5,Unknown,S
609,1,2,Mrs,female,22.0,False,1,2,4,False,41.5792,Unknown,C
610,1,1,Miss,female,40.0,False,0,0,1,True,153.4625,C,S
611,0,3,Mrs,female,39.0,False,1,5,7,False,31.275,Unknown,S
612,0,3,Mr,male,26.0,True,0,0,1,True,7.05,Unknown,S
613,1,3,Miss,female,18.0,True,1,0,2,False,15.5,Unknown,Q
614,0,3,Mr,male,26.0,True,0,0,1,True,7.75,Unknown,Q
615,0,3,Mr,male,35.0,False,0,0,1,True,8.05,Unknown,S
616,1,2,Miss,female,24.0,False,1,2,4,False,65.0,Unknown,S
617,0,3,Mr,male,34.0,False,1,1,3,False,14.4,Unknown,S
618,0,3,Mrs,female,26.0,False,1,0,2,False,16.1,Unknown,S
619,1,2,Miss,female,4.0,False,2,1,4,False,39.0,F,S
620,0,2,Mr,male,26.0,False,0,0,1,True,10.5,Unknown,S
621,0,3,Mr,male,27.0,False,1,0,2,False,14.4542,Unknown,C
622,1,1,Mr,male,42.0,False,1,0,2,False,52.5542,D,S
623,1,3,Mr,male,20.0,False,1,1,3,False,15.7417,Unknown,C
624,0,3,Mr,male,21.0,False,0,0,1,True,7.8542,Unknown,S
625,0,3,Mr,male,21.0,False,0,0,1,True,16.1,Unknown,S
626,0,1,Mr,male,61.0,False,0,0,1,True,32.3208,D,S
627,0,2,Rare,male,57.0,False,0,0,1,True,12.35,Unknown,Q
628,1,1,Miss,female,21.0,False,0,0,1,True,77.9583,D,S
629,0,3,Mr,male,26.0,False,0,0,1,True,7.8958,Unknown,S
630,0,3,Mr,male,26.0,True,0,0,1,True,7.7333,Unknown,Q
631,1,1,Mr,male,80.0,False,0,0,1,True,30.0,A,S
632,0,3,Mr,male,51.0,False,0,0,1,True,7.0542,Unknown,S
633,1,1,Rare,male,32.0,False,0,0,1,True,30.5,B,C
634,0,1,Mr,male,40.0,True,0,0,1,True,0.0,Unknown,S
635,0,3,Miss,female,9.0,False,3,2,6,False,27.9,Unknown,S
636,1,2,Miss,female,28.0,False,0,0,1,True,13.0,Unknown,S
637,0,3,Mr,male,32.0,False,0,0,1,True,7.925,Unknown,S
638,0,2,Mr,male,31.0,False,1,1,3,False,26.25,Unknown,S
639,0,3,Mrs,female,41.0,False,0,5,6,False,39.6875,Unknown,S
640,0,3,Mr,male,26.0,True,1,0,2,False,16.1,Unknown,S
641,0,3,Mr,male,20.0,False,0,0,1,True,7.8542,Unknown,S
642,1,1,Miss,female,24.0,False,0,0,1,True,69.3,B,C
643,0,3,Miss,female,2.0,False,3,2,6,False,27.9,Unknown,S
644,1,3,Mr,male,26.0,True,0,0,1,True,56.4958,Unknown,S
645,1,3,Miss,female,0.75,False,2,1,4,False,19.2583,Unknown,C
646,1,1,Mr,male,48.0,False,1,0,2,False,76.7292,D,C
647,0,3,Mr,male,19.0,False,0,0,1,True,7.8958,Unknown,S
648,1,1,Rare,male,56.0,False,0,0,1,True,35.5,A,C
649,0,3,Mr,male,26.0,True,0,0,1,True,7.55,Unknown,S
650,1,3,Miss,female,23.0,False,0,0,1,True,7.55,Unknown,S
651,0,3,Mr,male,26.0,True,0,0,1,True,7.8958,Unknown,S
652,1,2,Miss,female,18.0,False,0,1,2,False,23.0,Unknown,S
653,0,3,Mr,male,21.0,False,0,0,1,True,8.4333,Unknown,S
654,1,3,Miss,female,18.0,True,0,0,1,True,7.8292,Unknown,Q
655,0,3,Miss,female,18.0,False,0,0,1,True,6.75,Unknown,Q
656,0,2,Mr,male,24.0,False,2,0,3,False,73.5,Unknown,S
657,0,3,Mr,male,26.0,True,0,0,1,True,7.8958,Unknown,S
658,0,3,Mrs,female,32.0,False,1,1,3,False,15.5,Unknown,Q
659,0,2,Mr,male,23.0,False,0,0,1,True,13.0,Unknown,S
660,0,1,Mr,male,58.0,False,0,2,3,False,113.275,D,C
661,1,1,Rare,male,50.0,False,2,0,3,False,133.65,Unknown,S
662,0,3,Mr,male,40.0,False,0,0,1,True,7.225,Unknown,C
663,0,1,Mr,male,47.0,False,0,0,1,True,25.5875,E,S
664,0,3,Mr,male,36.0,False,0,0,1,True,7.4958,Unknown,S
665,1,3,Mr,male,20.0,False,1,0,2,False,7.925,Unknown,S
666,0,2,Mr,male,32.0,False,2,0,3,False,73.5,Unknown,S
667,0,2,Mr,male,25.0,False,0,0,1,True,13.0,Unknown,S
668,0,3,Mr,male,26.0,True,0,0,1,True,7.775,Unknown,S
669,0,3,Mr,male,43.0,False,0,0,1,True,8.05,Unknown,S
670,1,1,Mrs,female,40.0,True,1,0,2,False,52.0,C,S
671,1,2,Mrs,female,40.0,False,1,1,3,False,39.0,Unknown,S
672,0,1,Mr,male,31.0,False,1,0,2,False,52.0,B,S
673,0,2,Mr,male,70.0,False,0,0,1,True,10.5,Unknown,S
674,1,2,Mr,male,31.0,False,0,0,1,True,13.0,Unknown,S
675,0,2,Mr,male,31.0,True,0,0,1,True,0.0,Unknown,S
676,0,3,Mr,male,18.0,False,0,0,1,True,7.775,Unknown,S
677,0,3,Mr,male,24.5,False,0,0,1,True,8.05,Unknown,S
678,1,3,Miss,female,18.0,False,0,0,1,True,9.8417,Unknown,S
679,0,3,Mrs,female,43.0,False,1,6,8,False,46.9,Unknown,S
680,1,1,Mr,male,36.0,False,0,1,2,False,512.3292,B,C
681,0,3,Miss,female,18.0,True,0,0,1,True,8.1375,Unknown,Q
682,1,1,Mr,male,27.0,False,0,0,1,True,76.7292,D,C
683,0,3,Mr,male,20.0,False,0,0,1,True,9.225,Unknown,S
684,0,3,Mr,male,14.0,False,5,2,8,False,46.9,Unknown,S
685,0,2,Mr,male,60.0,False,1,1,3,False,39.0,Unknown,S
686,0,2,Mr,male,25.0,False,1,2,4,False,41.5792,Unknown,C
687,0,3,Mr,male,14.0,False,4,1,6,False,39.6875,Unknown,S
688,0,3,Mr,male,19.0,False,0,0,1,True,10.1708,Unknown,S
689,0,3,Mr,male,18.0,False,0,0,1,True,7.7958,Unknown,S
690,1,1,Miss,female,15.0,False,0,1,2,False,211.3375,B,S
691,1,1,Mr,male,31.0,False,1,0,2,False,57.0,B,S
692,1,3,Miss,female,4.0,False,0,1,2,False,13.4167,Unknown,C
693,1,3,Mr,male,26.0,True,0,0,1,True,56.4958,Unknown,S
694,0,3,Mr,male,25.0,False,0,0,1,True,7.225,Unknown,C
695,0,1,Rare,male,60.0,False,0,0,1,True,26.55,Unknown,S
696,0,2,Mr,male,52.0,False,0,0,1,True,13.5,Unknown,S
697,0,3,Mr,male,44.0,False,0,0,1,True,8.05,Unknown,S
698,1,3,Miss,female,18.0,True,0,0,1,True,7.7333,Unknown,Q
699,0,1,Mr,male,49.0,False,1,1,3,False,110.8833,C,C
700,0,3,Mr,male,42.0,False,0,0,1,True,7.65,F,S
701,1,1,Mrs,female,18.0,False,1,0,2,False,227.525,C,C
702,1,1,Mr,male,35.0,False,0,0,1,True,26.2875,E,S
703,0,3,Miss,female,18.0,False,0,1,2,False,14.4542,Unknown,C
704,0,3,Mr,male,25.0,False,0,0,1,True,7.7417,Unknown,Q
705,0,3,Mr,male,26.0,False,1,0,2,False,7.8542,Unknown,S
706,0,2,Mr,male,39.0,False,0,0,1,True,26.0,Unknown,S
707,1,2,Mrs,female,45.0,False,0,0,1,True,13.5,Unknown,S
708,1,1,Mr,male,42.0,False,0,0,1,True,26.2875,E,S
709,1,1,Miss,female,22.0,False,0,0,1,True,151.55,Unknown,S
710,1,3,Master,male,4.0,True,1,1,3,False,15.2458,Unknown,C
711,1,1,Miss,female,24.0,False,0,0,1,True,49.5042,C,C
712,0,1,Mr,male,40.0,True,0,0,1,True,26.55,C,S
713,1,1,Mr,male,48.0,False,1,0,2,False,52.0,C,S
714,0,3,Mr,male,29.0,False,0,0,1,True,9.4833,Unknown,S
715,0,2,Mr,male,52.0,False,0,0,1,True,13.0,Unknown,S
716,0,3,Mr,male,19.0,False,0,0,1,True,7.65,F,S
717,1,1,Miss,female,38.0,False,0,0,1,True,227.525,C,C
718,1,2,Miss,female,27.0,False,0,0,1,True,10.5,E,S
719,0,3,Mr,male,26.0,True,0,0,1,True,15.5,Unknown,Q
720,0,3,Mr,male,33.0,False,0,0,1,True,7.775,Unknown,S
721,1,2,Miss,female,6.0,False,0,1,2,False,33.0,Unknown,S
722,0,3,Mr,male,17.0,False,1,0,2,False,7.0542,Unknown,S
723,0,2,Mr,male,34.0,False,0,0,1,True,13.0,Unknown,S
724,0,2,Mr,male,50.0,False,0,0,1,True,13.0,Unknown,S
725,1,1,Mr,male,27.0,False,1,0,2,False,53.1,E,S
726,0,3,Mr,male,20.0,False,0,0,1,True,8.6625,Unknown,S
727,1,2,Mrs,female,30.0,False,3,0,4,False,21.0,Unknown,S
728,1,3,Miss,female,18.0,True,0,0,1,True,7.7375,Unknown,Q
729,0,2,Mr,male,25.0,False,1,0,2,False,26.0,Unknown,S
730,0,3,Miss,female,25.0,False,1,0,2,False,7.925,Unknown,S
731,1,1,Miss,female,29.0,False,0,0,1,True,211.3375,B,S
732,0,3,Mr,male,11.0,False,0,0,1,True,18.7875,Unknown,C
733,0,2,Mr,male,31.0,True,0,0,1,True,0.0,Unknown,S
734,0,2,Mr,male,23.0,False,0,0,1,True,13.0,Unknown,S
735,0,2,Mr,male,23.0,False,0,0,1,True,13.0,Unknown,S
736,0,3,Mr,male,28.5,False,0,0,1,True,16.1,Unknown,S
737,0,3,Mrs,female,48.0,False,1,3,5,False,34.375,Unknown,S
738,1,1,Mr,male,35.0,False,0,0,1,True,512.3292,B,C
739,0,3,Mr,male,26.0,True,0,0,1,True,7.8958,Unknown,S
740,0,3,Mr,male,26.0,True,0,0,1,True,7.8958,Unknown,S
741,1,1,Mr,male,40.0,True,0,0,1,True,30.0,D,S
742,0,1,Mr,male,36.0,False,1,0,2,False,78.85,C,S
743,1,1,Miss,female,21.0,False,2,2,5,False,262.375,B,C
744,0,3,Mr,male,24.0,False,1,0,2,False,16.1,Unknown,S
745,1,3,Mr,male,31.0,False,0,0,1,True,7.925,Unknown,S
746,0,1,Rare,male,70.0,False,1,1,3,False,71.0,B,S
747,0,3,Mr,male,16.0,False,1,1,3,False,20.25,Unknown,S
748,1,2,Miss,female,30.0,False,0,0,1,True,13.0,Unknown,S
749,0,1,Mr,male,19.0,False,1,0,2,False,53.1,D,S
750,0,3,Mr,male,31.0,False,0,0,1,True,7.75,Unknown,Q
751,1,2,Miss,female,4.0,False,1,1,3,False,23.0,Unknown,S
752,1,3,Master,male,6.0,False,0,1,2,False,12.475,E,S
753,0,3,Mr,male,33.0,False,0,0,1,True,9.5,Unknown,S
754,0,3,Mr,male,23.0,False,0,0,1,True,7.8958,Unknown,S
755,1,2,Mrs,female,48.0,False,1,2,4,False,65.0,Unknown,S
756,1,2,Master,male,0.67,False,1,1,3,False,14.5,Unknown,S
757,0,3,Mr,male,28.0,False,0,0,1,True,7.7958,Unknown,S
758,0,2,Mr,male,18.0,False,0,0,1,True,11.5,Unknown,S
759,0,3,Mr,male,34.0,False,0,0,1,True,8.05,Unknown,S
760,1,1,Rare,female,33.0,False,0,0,1,True,86.5,B,S
761,0,3,Mr,male,26.0,True,0,0,1,True,14.5,Unknown,S
762,0,3,Mr,male,41.0,False,0,0,1,True,7.125,Unknown,S
763,1,3,Mr,male,20.0,False,0,0,1,True,7.2292,Unknown,C
764,1,1,Mrs,female,36.0,False,1,2,4,False,120.0,B,S
765,0,3,Mr,male,16.0,False,0,0,1,True,7.775,Unknown,S
766,1,1,Mrs,female,51.0,False,1,0,2,False,77.9583,D,S
767,0,1,Rare,male,48.5,True,0,0,1,True,39.6,Unknown,C
768,0,3,Miss,female,30.5,False,0,0,1,True,7.75,Unknown,Q
769,0,3,Mr,male,26.0,True,1,0,2,False,24.15,Unknown,Q
770,0,3,Mr,male,32.0,False,0,0,1,True,8.3625,Unknown,S
771,0,3,Mr,male,24.0,False,0,0,1,True,9.5,Unknown,S
772,0,3,Mr,male,48.0,False,0,0,1,True,7.8542,Unknown,S
773,0,2,Mrs,female,57.0,False,0,0,1,True,10.5,E,S
774,0,3,Mr,male,26.0,True,0,0,1,True,7.225,Unknown,C
775,1,2,Mrs,female,54.0,False,1,3,5,False,23.0,Unknown,S
776,0,3,Mr,male,18.0,False,0,0,1,True,7.75,Unknown,S
777,0,3,Mr,male,26.0,True,0,0,1,True,7.75,F,Q
778,1,3,Miss,female,5.0,False,0,0,1,True,12.475,Unknown,S
779,0,3,Mr,male,26.0,True,0,0,1,True,7.7375,Unknown,Q
780,1,1,Mrs,female,43.0,False,0,1,2,False,211.3375,B,S
781,1,3,Miss,female,13.0,False,0,0,1,True,7.2292,Unknown,C
782,1,1,Mrs,female,17.0,False,1,0,2,False,57.0,B,S
783,0,1,Mr,male,29.0,False,0,0,1,True,30.0,D,S
784,0,3,Mr,male,26.0,True,1,2,4,False,23.45,Unknown,S
785,0,3,Mr,male,25.0,False,0,0,1,True,7.05,Unknown,S
786,0,3,Mr,male,25.0,False,0,0,1,True,7.25,Unknown,S
787,1,3,Miss,female,18.0,False,0,0,1,True,7.4958,Unknown,S
788,0,3,Master,male,8.0,False,4,1,6,False,29.125,Unknown,Q
789,1,3,Master,male,1.0,False,1,2,4,False,20.575,Unknown,S
790,0,1,Mr,male,46.0,False,0,0,1,True,79.2,B,C
791,0,3,Mr,male,26.0,True,0,0,1,True,7.75,Unknown,Q
792,0,2,Mr,male,16.0,False,0,0,1,True,26.0,Unknown,S
793,0,3,Miss,female,18.0,True,8,2,11,False,69.55,Unknown,S
794,0,1,Mr,male,40.0,True,0,0,1,True,30.6958,Unknown,C
795,0,3,Mr,male,25.0,False,0,0,1,True,7.8958,Unknown,S
796,0,2,Mr,male,39.0,False,0,0,1,True,13.0,Unknown,S
797,1,1,Rare,female,49.0,False,0,0,1,True,25.9292,D,S
798,1,3,Mrs,female,31.0,False,0,0,1,True,8.6833,Unknown,S
799,0,3,Mr,male,30.0,False,0,0,1,True,7.2292,Unknown,C
800,0,3,Mrs,female,30.0,False,1,1,3,False,24.15,Unknown,S
801,0,2,Mr,male,34.0,False,0,0,1,True,13.0,Unknown,S
802,1,2,Mrs,female,31.0,False,1,1,3,False,26.25,Unknown,S
803,1,1,Master,male,11.0,False,1,2,4,False,120.0,B,S
804,1,3,Master,male,0.42,False,0,1,2,False,8.5167,Unknown,C
805,1,3,Mr,male,27.0,False,0,0,1,True,6.975,Unknown,S
806,0,3,Mr,male,31.0,False,0,0,1,True,7.775,Unknown,S
807,0,1,Mr,male,39.0,False,0,0,1,True,0.0,A,S
808,0,3,Miss,female,18.0,False,0,0,1,True,7.775,Unknown,S
809,0,2,Mr,male,39.0,False,0,0,1,True,13.0,Unknown,S
810,1,1,Mrs,female,33.0,False,1,0,2,False,53.1,E,S
811,0,3,Mr,male,26.0,False,0,0,1,True,7.8875,Unknown,S
812,0,3,Mr,male,39.0,False,0,0,1,True,24.15,Unknown,S
813,0,2,Mr,male,35.0,False,0,0,1,True,10.5,Unknown,S
814,0,3,Miss,female,6.0,False,4,2,7,False,31.275,Unknown,S
815,0,3,Mr,male,30.5,False,0,0,1,True,8.05,Unknown,S
816,0,1,Mr,male,40.0,True,0,0,1,True,0.0,B,S
817,0,3,Miss,female,23.0,False,0,0,1,True,7.925,Unknown,S
818,0,2,Mr,male,31.0,False,1,1,3,False,37.0042,Unknown,C
819,0,3,Mr,male,43.0,False,0,0,1,True,6.45,Unknown,S
820,0,3,Master,male,10.0,False,3,2,6,False,27.9,Unknown,S
821,1,1,Mrs,female,52.0,False,1,1,3,False,93.5,B,S
822,1,3,Mr,male,27.0,False,0,0,1,True,8.6625,Unknown,S
823,0,1,Rare,male,38.0,False,0,0,1,True,0.0,Unknown,S
824,1,3,Mrs,female,27.0,False,0,1,2,False,12.475,E,S
825,0,3,Master,male,2.0,False,4,1,6,False,39.6875,Unknown,S
826,0,3,Mr,male,26.0,True,0,0,1,True,6.95,Unknown,Q
827,0,3,Mr,male,26.0,True,0,0,1,True,56.4958,Unknown,S
828,1,2,Master,male,1.0,False,0,2,3,False,37.0042,Unknown,C
829,1,3,Mr,male,26.0,True,0,0,1,True,7.75,Unknown,Q
830,1,1,Mrs,female,62.0,False,0,0,1,True,80.0,B,S
831,1,3,Mrs,female,15.0,False,1,0,2,False,14.4542,Unknown,C
832,1,2,Master,male,0.83,False,1,1,3,False,18.75,Unknown,S
833,0,3,Mr,male,26.0,True,0,0,1,True,7.2292,Unknown,C
834,0,3,Mr,male,23.0,False,0,0,1,True,7.8542,Unknown,S
835,0,3,Mr,male,18.0,False,0,0,1,True,8.3,Unknown,S
836,1,1,Miss,female,39.0,False,1,1,3,False,83.1583,E,C
837,0,3,Mr,male,21.0,False,0,0,1,True,8.6625,Unknown,S
838,0,3,Mr,male,26.0,True,0,0,1,True,8.05,Unknown,S
839,1,3,Mr,male,32.0,False,0,0,1,True,56.4958,Unknown,S
840,1,1,Mr,male,40.0,True,0,0,1,True,29.7,C,C
841,0,3,Mr,male,20.0,False,0,0,1,True,7.925,Unknown,S
842,0,2,Mr,male,16.0,False,0,0,1,True,10.5,Unknown,S
843,1,1,Miss,female,30.0,False,0,0,1,True,31.0,Unknown,C
844,0,3,Mr,male,34.5,False,0,0,1,True,6.4375,Unknown,C
845,0,3,Mr,male,17.0,False,0,0,1,True,8.6625,Unknown,S
846,0,3,Mr,male,42.0,False,0,0,1,True,7.55,Unknown,S
847,0,3,Mr,male,26.0,True,8,2,11,False,69.55,Unknown,S
848,0,3,Mr,male,35.0,False,0,0,1,True,7.8958,Unknown,C
849,0,2,Rare,male,28.0,False,0,1,2,False,33.0,Unknown,S
850,1,1,Mrs,female,40.0,True,1,0,2,False,89.1042,C,C
851,0,3,Master,male,4.0,False,4,2,7,False,31.275,Unknown,S
852,0,3,Mr,male,74.0,False,0,0,1,True,7.775,Unknown,S
853,0,3,Miss,female,9.0,False,1,1,3,False,15.2458,Unknown,C
854,1,1,Miss,female,16.0,False,0,1,2,False,39.4,D,S
855,0,2,Mrs,female,44.0,False,1,0,2,False,26.0,Unknown,S
856,1,3,Mrs,female,18.0,False,0,1,2,False,9.35,Unknown,S
857,1,1,Mrs,female,45.0,False,1,1,3,False,164.8667,Unknown,S
858,1,1,Mr,male,51.0,False,0,0,1,True,26.55,E,S
859,1,3,Mrs,female,24.0,False,0,3,4,False,19.2583,Unknown,C
860,0,3,Mr,male,26.0,True,0,0,1,True,7.2292,Unknown,C
861,0,3,Mr,male,41.0,False,2,0,3,False,14.1083,Unknown,S
862,0,2,Mr,male,21.0,False,1,0,2,False,11.5,Unknown,S
863,1,1,Mrs,female,48.0,False,0,0,1,True,25.9292,D,S
864,0,3,Miss,female,18.0,True,8,2,11,False,69.55,Unknown,S
865,0,2,Mr,male,24.0,False,0,0,1,True,13.0,Unknown,S
866,1,2,Mrs,female,42.0,False,0,0,1,True,13.0,Unknown,S
867,1,2,Miss,female,27.0,False,1,0,2,False,13.8583,Unknown,C
868,0,1,Mr,male,31.0,False,0,0,1,True,50.4958,A,S
869,0,3,Mr,male,26.0,True,0,0,1,True,9.5,Unknown,S
870,1,3,Master,male,4.0,False,1,1,3,False,11.1333,Unknown,S
871,0,3,Mr,male,26.0,False,0,0,1,True,7.8958,Unknown,S
872,1,1,Mrs,female,47.0,False,1,1,3,False,52.5542,D,S
873,0,1,Mr,male,33.0,False,0,0,1,True,5.0,B,S
874,0,3,Mr,male,47.0,False,0,0,1,True,9.0,Unknown,S
875,1,2,Mrs,female,28.0,False,1,0,2,False,24.0,Unknown,C
876,1,3,Miss,female,15.0,False,0,0,1,True,7.225,Unknown,C
877,0,3,Mr,male,20.0,False,0,0,1,True,9.8458,Unknown,S
878,0,3,Mr,male,19.0,False,0,0,1,True,7.8958,Unknown,S
879,0,3,Mr,male,26.0,True,0,0,1,True,7.8958,Unknown,S
880,1,1,Mrs,female,56.0,False,0,1,2,False,83.1583,C,C
881,1,2,Mrs,female,25.0,False,0,1,2,False,26.0,Unknown,S
882,0,3,Mr,male,33.0,False,0,0,1,True,7.8958,Unknown,S
883,0,3,Miss,female,22.0,False,0,0,1,True,10.5167,Unknown,S
884,0,2,Mr,male,28.0,False,0,0,1,True,10.5,Unknown,S
885,0,3,Mr,male,25.0,False,0,0,1,True,7.05,Unknown,S
886,0,3,Mrs,female,39.0,False,0,5,6,False,29.125,Unknown,Q
887,0,2,Rare,male,27.0,False,0,0,1,True,13.0,Unknown,S
888,1,1,Miss,female,19.0,False,0,0,1,True,30.0,B,S
889,0,3,Miss,female,18.0,True,1,2,4,False,23.45,Unknown,S
890,1,1,Mr,male,26.0,False,0,0,1,True,30.0,C,C
891,0,3,Mr,male,32.0,False,0,0,1,True,7.75,Unknown,Q
